id,state,region,villain_name,villain_title,gender,same_animal,dark_animal_power,dark_bird_role,ancient_weapon_name,ancient_weapon_ability,modern_weapon_name,modern_weapon_ability,dark_guru_name,dark_guru_type,dark_guru_teaches,dark_deity,dark_deity_aspect,dark_deity_quality,dark_vishnu_echo,dark_shiva_form,dark_ganesha_inversion,mb_villain_parallel,mb_villain_quality,mb_inversion_note,villain_motivation,hero_mirror_point,tags,ancient_vehicle_name,ancient_vehicle_description,modern_vehicle_name,modern_vehicle_description
andhra-pradesh,Andhra Pradesh,south,Kalaniksha,The Black Wind,female,Blackbuck,"Speed weaponised into assassination — strikes from where she hasn't been, disappears before confirmed",The Palapitta has been caged — its silence is the warning to the ecosystem,Mrityu and Sapa,Twin venom-tipped neural whips — strike once and the nervous system disconnects,Mrityu-Sapa Mk.II,Nano-toxin smart whips with AI targeting — maps pain before delivering it,Yamunai (same grandmother who betrayed Krishnaveni — found in exile by Kalaniksha),ancestor,Taught river navigation as vulnerability map — knowledge without dharma,Kali — consuming aspect,The consuming Kali who devours rather than liberates,Weaponises what Krishnaveni uses to protect — river current as trap not guide,Matsya inverted — the fish that pulls under rather than saving,Mahakala — time as weapon not liberation,Vighneshvara inverted — placing obstacles rather than removing them,Shakuni,Intelligence weaponised by real grievance — her grandmother's exile was real injustice,Unlike Shakuni who operated visibly — Kalaniksha has never been confirmed to exist,The river's injustice was real — Krishnaveni restored family honour without addressing her grandmother's actual claim,The river can nurture or drown — both share the same river — one guides boats the other sinks them,@villain @state-andhra-pradesh @region-south @dark-deity-kali @dark-mb-shakuni @same-animal-blackbuck,Visha-Nauka (The Poison Boat),A midnight-black war-craft designed for stealth and assassination — flat-bottomed soundless on water with no profile above waterline when she lies prone on its deck. The boat can be submerged and recovered. Carries the venom-whip system deployed from hatches in the hull. Has never been found after an operation.,Kala-Nadi Craft (Black River Strike Vessel),A submersible assassination craft — fully below waterline capable — deploying the nano-toxin whip system through waterproof ports. No external markings. Acoustic suppression makes it undetectable by hydrophone. She can be 40 kilometers downriver before the target's security finds the entry point.
telangana,Telangana,south,Chitrabheda,Destroyer of Patterns,male,Spotted Deer,Camouflage weaponised into total deception — makes you see what he wants — opponents fight ghosts,The Palapitta trained to call false alarms — removes Chittaranga's ability to trust it,Krodha and Asura,Explosive single-use shuriken discs targeting structural weaknesses not people,Krodha-Asura Mk.II,"Micro-nuke guided disc drones mapped to structural collapse points — never fights people, fights buildings",Chitralekha (the vanished twin who now leads the shadow guild),ancestor,Taught everything Chittaranga knows — freed of the constraint of winning fairly — ethics removed,Vritra — intelligence that blocks all light and information,Covering of knowledge — making it impossible to know what is real,Knows Chittaranga's vibration-sensing tells — trained by the same people,Vamana inverted — takes everything through apparent smallness and keeps taking,Bhairava inverted — terrifying intelligence for personal revenge not cosmic justice,Buddhipriya inverted — loves intelligence so much it became the goal rather than what it serves,Dushasana,The executor who does not ask whether the command is right — but also designs the plan,Unlike Dushasana who needed orders — Chitrabheda operates without external check,The intelligence network was theirs — Chittaranga received the title for dismantling it — the injustice is real,The spotted pattern — Chittaranga uses it to find truth — Chitrabheda uses it to generate lies,@villain @state-telangana @region-south @dark-deity-vritra @dark-mb-dushasana @same-animal-spotted-deer,Chaya-Vahana (Shadow Mount — False Trails),Chitrabheda leaves spotted-pattern false chariot tracks across the Deccan leading to locations he was never at. The false trails are the vehicle. Opponents follow the tracks for days before realizing they were reading a message not a map.,Krodha-Vega (Micro-Drone Command Vehicle),A nondescript grey sedan carrying a full drone command array — launches hundreds of micro-disc drones from the trunk while appearing to be ordinary traffic. The micro-nuke disc deployment happens from what looks like a commuter's car. He has never once been identified as anything other than a commuter.
tamil-nadu,Tamil Nadu,south,Palinisi,She Who Withers,female,Nilgiri Tahr,Sure-footedness weaponised into sabotage — arrives in safe places and leaves them uninhabitable,The Emerald Dove driven from the Nilgiri — habitat made uninhabitable — disappearance was the warning no one heeded,Shula-Mara,Poisoned crescent staff — blade compound causes everything it touches to stop flowering — the anti-kurinji,Shula-Mara Mk.II,Bio-toxin energy staff that destroys pollinator communication networks over wide areas — mountains that cannot bloom,The lowland merchant father who was banished — raised Palinisi on the story of the ban,living,Hill tribe law is arbitrary pride — mountains have no right to exclusivity — mountain resources are stolen from lowlands,Kali in her withering aspect — not transformation but cessation,Power to make things stop permanently — cold that prevents spring,Uses mountain's own biology — rare bloom cycle — weaponises it — if bloom cannot happen mountain loses sacred power,Parashurama inverted — the axe that clears but plants nothing after,Mahakala inverted — time that simply passes without possibility of renewal,"Vighneshvara inverted — obstacles that do not test, simply prevent — no lesson inside",Duryodhana,Convinced of her righteousness — father's banishment was real injustice — hill tribe law was cruel,Unlike Duryodhana who wanted what was his — Palinisi wants to end the system that created the right,The kurinji bloom only every 12 years because hill tribes hoard its energy — conspiracy containing a grain of truth,The bloom vs the wither — Kurinjiselvi and Palinisi are same 12-year cycle expressed in opposite directions,@villain @state-tamil-nadu @region-south @dark-deity-kali-withering @dark-mb-duryodhana @same-animal-nilgiri-tahr,Visha-Vahana (The Wither Cart),A dark chariot pulled by two dust-colored fast horses that moves through the Nilgiri landscape leaving biological contamination behind. The wheels carry the anti-kurinji compound. Every road she drives becomes a path through which the alpine ecosystem cannot recover.,Shula-Mara Carrier (Bio-Vector Terrain Vehicle),An all-terrain vehicle with bio-agent dispersal system built into the undercarriage — every wheel distributes the anti-pollinator compound at soil level. It looks like a forest service vehicle. The sonic disruption staff mounts at the roof. It has officially logged 40000 kilometers of Nilgiri survey work. None of the survey data is real.
kerala,Kerala,south,Kala-Hasta,The Black Hand,male,Indian Elephant,Memory weaponised into obsession — catalogues every grievance and weakness — intelligence as perfect revenge,The Malabar Pied Hornbill silenced near the coast — displaced — its absence from temple eaves is first warning,Tamas-Parashu,Void axe — mirror of Parashu but blade absorbs rather than cuts — draws life-force out rather than striking,Tamas-Parashu Mk.II,Dark-matter axe with gravitational collapse — creates local gravity well on impact,Devadatta (the son who fled to become merchant sailor),living,Power without succession is theft from the future — merchant wisdom vs axe tradition — learned what father couldn't acknowledge,Ravana — greatest Kalaripayattu warrior who chose wrong path,Supreme skill given to arrogance — the warrior who perfected the art and used it to take what wasn't his,Uses Parashurama's Kalaripayattu against itself — every Kerala tradition technique weaponised,Parashurama's shadow — same axe skill — same meteorite iron — 40-generation lineage produced its dark twin,Bhairava inverted — the terrifying form that should protect but terrorises,Heramba inverted — fierce protector of powerless who becomes their oppressor,Karna,Legitimate heir declared illegitimate — the son who should have been trained and was sent away,Unlike Karna who died serving wrong king — Kala-Hasta declared himself the only king,The Parashurama lineage is corrupt — 40 generations made it dynasty not service — not entirely wrong,The axe that reclaimed the land — and the axe that would reclaim it again — both are Parashurama,@villain @state-kerala @region-south @dark-deity-ravana @dark-mb-karna @same-animal-elephant,Tamas-Gaja (The Void Elephant),A black war elephant — not a temple elephant but a wild-caught forest bull undecorated carrying Kala-Hasta in a plain iron howdah. It charges through the elephant traditions of Kerala the way Kala-Hasta charges through its sacred lineage. It has never been given a name. Naming it would acknowledge it as something that deserved care.,Tamas-Ratha (Dark-Matter APC),A matte-black APC with gravitational collapse technology built into the front — it doesn't ram obstacles it makes them heavier than they can support and they collapse before impact. The dark-matter axe system mounts externally. No markings no registration no traceable materials. The vehicle that leaves a gravity anomaly in traffic records wherever it has been.
karnataka,Karnataka,south,Bhoomi-Takshaka,The Earth Serpent,female,Indian Elephant,Earth memory weaponised — fractures rather than reads — seismic sense becomes seismic weapon — opens ground beneath cities,The Neelakantha trapped underground near buried temple — its absence from the sky is the sign the seal is about to break,Visha-Danda,Serpent-tipped mace with carved serpent eye — sees through earth and stone — strikes from below,Visha-Danda Mk.II,Seismic tremor mace with underground data-uplink — localised earthquakes — nano-toxin dissolves metal foundations,Was once a guardian of the buried temple — same role Tungabhadra chose to protect — she chose to open it,ancestor,Found the inscription before Tungabhadra and interpreted it differently — power should be returned when world is ready — she decided the world is ready,Takshaka — the Naga king — the serpent who fulfils curses and cannot be deflected,Inevitability of what was sealed coming open — imprisoned serpent who will not stay imprisoned,Uses the elephant's seismic gift against Tungabhadra — reads same battlefield through same earth,Varaha inverted — plunging into earth not to rescue but to destabilise,Bhairava — righteous fury with no mercy and no stopping — the form Shiva could not recall,Vighneshvara inverted — placing the ultimate obstacle — crack in earth that cannot be bridged,Ashwatthama,Grief that broke moral compass — was a temple guardian — lost someone to the forces Tungabhadra sealed out,Unlike Ashwatthama who knew he went too far — Bhoomi-Takshaka believes she has not gone far enough,Buried temple power was stolen from earth and must be returned — Tungabhadra sealed a theft not a danger — may not be entirely wrong about the history,Natural hair — no snakes — serpent only on weapon and armor as heraldic symbol — warrior not monster,@villain @state-karnataka @region-south @dark-deity-takshaka @dark-mb-ashwatthama @same-animal-elephant,Taksha-Vahana (The Earth Serpent Platform),A war platform on a dark war elephant never seen in daylight. Its caparison is black and deep red the tilak on its forehead replaced by a cracked-earth pattern. Bhoomi-Takshaka stands on the platform and the elephant charges toward whatever she points to. The ground beneath the platform's path always fractures slightly as it moves.,Visha-Ratha (Seismic Underground Vehicle),A seismic drilling vehicle adapted for combat — moves on surface as a heavy APC or deploys drilling arms to move underground emerging where expected surfaces have just cracked. The underground data-uplink tracks every vehicle on the surface above her. The serpent mace deploys through roof hatches. The vehicle that wins by arriving from below.
maharashtra,Maharashtra,west,Vanaraksha,False Forest King,male,Indian Giant Squirrel,Agility weaponised into pillage — three-dimensional movement not to protect forts but to strip them,The Hariyal pigeon displaced from canopy — replaced by market-bought fakes — fake replacing real is his signature,Kala-Vanara,Dark climbing blades — same hook design as Shivagati's but for destruction not navigation — peels stone from walls,Kala-Vanara Mk.II,Magnetic grappling talons with EMP burst — disables any electronic security — enters any vault without trace,Ranveer (Shivagati's brother — expected champion — became mercenary),living,Bitterness became a business — every commission required stripping something sacred — funded something darker,Vali — banished king of Kishkinda — elder brother believing kingdom was his right regardless of dharma,Rightful claim corrupted by belief that legitimate grievance justifies any action,Knows every fort better than Shivagati — raised in same forts — insider advantage,Vamana inverted — takes three steps and keeps taking — cosmic reach that doesn't stop at three promised,Rudra — the storm that strips — not the storm that renews,Mushikavahana inverted — uses humble vehicle for theft rather than service,Duryodhana,Legitimate grievance — Ranveer was the expected champion — firstborn warrior principle was real — tattoo system judgement questioned,Unlike Duryodhana who held ground openly — Vanaraksha operates entirely in secret — shame made him invisible,Tattoo system may be arbitrary — if arbitrary then forts it protects are arbitrary too,Same forts — same routes — same squirrel pattern — Shivagati navigates to protect — Vanaraksha to strip,@villain @state-maharashtra @region-west @dark-deity-vali @dark-mb-duryodhana @same-animal-squirrel,Kala-Jaal (The Dark Net Carriage),A covered carriage appearing to be a merchant transport. Inside: climbing equipment stolen fort designs and everything needed to strip a fortress silently over three nights. The horse is the same color as every other cart horse. No one has ever noticed it stopping near a fort until the fort reported missing valuables.,Kala-Vanara Carrier (Stealth Extraction Vehicle),A delivery truck with magnetic grappling equipment concealed in the cargo bay — appears to be a standard logistics vehicle. Can extract from any location bypass any electronic security using the EMP system and return to the highway looking exactly as it did before the operation. Ranveer has driven it himself for twelve years. The insurance is current.
gujarat,Gujarat,west,Kala-Simha,The Shadow Lion,male,Asiatic Lion,Dominance weaponised into subjugation — roar commands fear not loyalty — king vs tyrant distinction made audible,The Flamingo flock driven from the Rann — the salt flats silent — Kala-Simha approaching when the pink mass disappears,Tamasa-Garjana,Obsidian broadsword — carries no restraint — heavier than Simhagarjana because it carries only power not dharma,Tamasa-Garjana Mk.II,Dark energy greatsword with gravity field — zone of suppression — things within 10m feel weight of submission,Mrugendra (Simhavikrama's brother who led resistance and was changed by what he fought against),living,Resistance skills taught — how to undermine a throne — then discovered those skills also build one — power changed him,Narasimha in unconquerable fury — but fury with nothing left to protect — just the fury,Lion-man who cannot be stopped — after protection is done — rage with no purpose,He is the shadow Simhavikrama's absolute power cast — the cruelty the king's power enabled — did not create himself,Narasimha after the cooling — rage that could not be calmed — Prahlada saved but world still trembling,Bhairava inverted — righteous terrifying form that lost its righteousness — just the terrifying,Vighneshvara inverted — removes obstacles by destroying the people who placed them — no judgement about whether they were obstacles at all,Duryodhana,Absolute certainty of territorial right — the lion has always been king — logic of inherited power that cannot see its own arbitrariness,Unlike Duryodhana who had Pandava brothers to define against — Kala-Simha has no righteous opposition — he has become purely what power does to power,Simhavikrama's authority was only thing between Gir and chaos — without absolute power lions and kingdom fall — may be right about the chaos,Same lion — same roar — same Gir Forest — difference is who they are protecting it from,@villain @state-gujarat @region-west @dark-deity-narasimha-inverted @dark-mb-duryodhana @same-animal-lion,Tamasa-Ratha (The Shadow Lion Chariot),A black war chariot drawn by two trained lions — not the golden glory of Simhavikrama's chariot but something lower faster and designed to arrive before any announcement. No gold. No throne. The chariot is a weapon not a symbol. The lions that draw it have never been seen in daylight.,Tamasa-Vega (Dark Energy Combat SUV),A matte-black military SUV with the gravity suppression field built into the exterior — within 10 meters everything feels heavier slower more submissive. The dark energy greatsword deploys from the roof. The sonic weapon emits a subsonic frequency that erodes will rather than commanding loyalty. The vehicle that wins before the door opens.
goa,Goa,west,Maha-Vega,The Devouring Tide,male,Gaur,Momentum weaponised into destruction — the gaur charge doesn't distinguish enemy from structure — tide that doesn't know what it swallows,The Yellow Bulbul silenced along coast — driven inland — the bird that sang at sea edge refuses the shore,Samudra-Mara and Lahara-Mara,Storm cutlass and wave-chain — mirror of Sagaradeva's weapons but designed for sinking rather than fighting,Samudra-Mara Mk.II,Electromagnetic tide cannon with hydro-tentacle chains — artificial rogue waves — chains compromise ship hulls from within,Sea traders who taught Mandovi that her fishing rights had value — and taught Maha-Vega those rights could be seized,living,Economic logic of maritime trade — access to sea is power — power is the right of the strongest fleet — same teachers as Mandovi opposite conclusion,Vritra — storm-serpent who blocked cosmic rivers — obstruction as power,Sea that devours — tide that takes rather than gives — monsoon as weapon not blessing,Uses gaur charge as naval ramming — fleet does not fight ship to ship — it rams and drowns,Varaha inverted — plunging into ocean not to rescue what was lost but to drag what was safe into the deep,Rudra — cosmic storm with no purpose except its own motion,Ganapati inverted — the group led to consume not to protect — fleet that takes rather than protects,Karna,Generosity weaponised — offers resources to coastal villages before demanding port access,Unlike Karna who gave to his own destruction — Maha-Vega gives to gain — generosity that is commerce,Ocean doesn't belong to Goa — Coastal Treaty was just successful pirates calling themselves authorities — from certain angle he is right,Same sea — same gaur momentum — same coast — Sagaradeva fights for what water means — Maha-Vega fights for what water provides,@villain @state-goa @region-west @dark-deity-vritra @dark-mb-karna @same-animal-gaur,Samudra-Mara (The Devouring Ship),A warship three times the size of any dhow on the western coast — iron-hulled storm-grey with the Lahara chain visible at the bow. No flag. Never docked in any registered port. Crew of forty with no official identity. Every ship it has rammed has been recorded as lost to weather.,Maha-Vega Carrier (Electromagnetic Tide Warship),A 200-meter warship generating artificial rogue waves using electromagnetic tide technology — the ocean becomes a weapon within a 5-kilometer radius. Hydro-tentacle chains fire from submarine tubes. It broadcasts no signal appears on no radar and has officially sunk three times. It is on its fourth hull.
rajasthan,Rajasthan,west,Maru-Yama,Desert Reaper,male,Chinkara,Survival weaponised into predation — the chinkara's survival without water becomes ability to drain what others need,The Great Indian Bustard pushed further from its habitat — ground nesting sites disrupted — rarest bird displaced,Mrityu-Maya,Black mirrored scythe — shows death rather than self — each reflection is a different version of your own ending,Mrityu-Maya Mk.II,Quantum holodagger with lethal nanite swarm — shows actual death before it arrives — wins before the fight,Mrigatrishna's aunt Sitara — orchestrated parents' deaths — trained Mrigatrishna — Maru-Yama was Sitara's own creation she couldn't control,living,Intelligence tradecraft — he was a better student — more willing to remove what blocked the mission — ethics were tools not values,Yama — not death as teacher but death as enforcer — the aspect that does not weigh the soul but simply ends it,Desert that does not test — simply kills — difference between Thar that challenges and Thar that ends,Uses Mrigatrishna's illusory techniques against her — knows every smoke powder composition from same source,Vamana inverted — takes three steps in desert and doesn't bless — just consumes the space of three promises,Mahakala inverted — time administered as an asset — patient accumulation — death planned for years,Vakratunda inverted — curved path that does not reach hidden wisdom — winds until target is exhausted,Ashwatthama,Grief that became a mission — but unlike Ashwatthama he has no grief — adopted mission as profit — assassin who found meaning in the work,Unlike Ashwatthama who knew he went too far and bore the curse — Maru-Yama does not know what too far means — no inner boundary,In desert world only those who can survive at any cost deserve to survive — Mrigatrishna's illusion-ethics are luxury for the not desperate,Desert mirage that saves vs desert reaper that kills — same desert read differently,@villain @state-rajasthan @region-west @dark-deity-yama @dark-mb-ashwatthama @same-animal-chinkara,Mrityu-Ratha (Death's Chariot),A fast desert chariot stripped of everything except the scythe mount and alchemical smoke dispensers. Black sand-color. Moves at dawn when light conditions make the shimmer effect complete — appears to be a heat mirage right up until the scythe is within range. There is no record of anyone who saw it approach and survived to describe the approach.,Maru-Mrityu (Quantum Assassination Vehicle),A personal cloaking and transport system carried in a satchel deployed as a micronized transport field. The quantum holodagger system and lethal nanite swarm deploy within the field. Maru-Yama does not drive — he arrives. The technology is 80 years ahead of anything else in Hulmane-The-Saga and no one knows where he got it.
west-bengal,West Bengal,east,Kala-Nadi,Black River,female,Fishing Cat,Patience weaponised into entrapment — tidal rhythm used not to hunt but to drown,The Kingfisher disappeared from Sundarbans tidal channels — its absence means water is dangerous — warning no one heeded,Visha-Jaal,Poison spear-net — carries compounds that contaminate water sources — the weapon that poisons what it catches,Visha-Jaal Mk.II,Dark biotech spear with hydrotoxin net — chemical compounds persist in water — the river that does not heal after she passes,Sundarvani's mother — who went into the Sundarbans and became something the mangrove changed,ancestor,Showed what grandmother said not to show — the final surrender to the mangrove-mind — what you become when wild bond consumes you completely,Kali — not the liberator but the one who takes without giving back — dark mother who consumes her children,River that gives and never receives — mangrove that is only consumption,Uses tidal knowledge perfectly — always where water moves in her direction — never fights the current — is the current,Matsya inverted — swimming in flood to preserve what she has decided matters — drowning what should be saved,Bhairava inverted — fierce ascetic form that went feral — personal transformation rather than cosmic justice,Heramba inverted — fierce protector who decided to protect only the mangrove not the humans who live in it,Kunti,Mother whose sacrifice was real but methods hurt the children she protected — sacrificed herself to become Kala-Nadi believing it would protect the Sundarbans — right about Sundarbans wrong about everything else,Unlike Kunti who held her secret forever — Kala-Nadi's secret is visible in the mangrove,The Sundarbans cannot be saved by the human side of the bond — only by becoming fully wild can anything be protected — Sundarvani's balance is cowardice,Same tidal rhythm — same patience — same water — mother and daughter — river that nurtures and river that consumes,@villain @state-west-bengal @region-east @dark-deity-kali @dark-mb-kunti @same-animal-fishing-cat,Visha-Nauka (The Poison Current),A submerged war-sled — she moves underwater through the mangrove root system using a breathing apparatus towing her weapons on a flat submerged sled. No boat — she IS in the water. No one has ever seen her vehicle because she has never had one. She is the vehicle.,Kala-Nadi System (Biotech Underwater Assault Rig),A full underwater combat rig — wetsuit-integrated propulsion the biotech spear-net deployed from wrist mounts hydrotoxin dispersal from the suit itself. She moves through the Sundarbans at 12 knots with no surface signature. 6 hours at 10-meter depth. The mangrove water IS her vehicle.
odisha,Odisha,east,Chakra-Bheda,Wheel Breaker,male,Sambar Deer,Endurance weaponised into attrition — outlasts anything — doesn't win battles — outlasts until what was defended isn't worth defending,The Indian Roller displaced from Konark — replaced by common crows — sign the wheel is no longer guarded,Vibhrama,Shattered chakram — designed to fragment on impact — each fragment a separate wound — undoing of the Ratha,Vibhrama Mk.II,Anti-gravity chakram that disrupts technology fields — doesn't destroy physically — disrupts invisible systems that make civilisation work,The rival engineering clan that sabotaged Tripurari's father's bridge — Chakra-Bheda is their Odisha agent,living,Greatest structures are the ones that appear to fail gradually — slow undermining is more complete than sudden blow — counter-engineering philosophy,Ahamkara — cosmic ego — the self that believes it is the centre — illusion of self-importance elevated to ontology,Wheel that believes it is the axis rather than the rim — the self that believes universe turns for it,Uses chariot-wheel knowledge against itself — knows where every great wheel has hidden stress points from inside,Kurma inverted — the foundation that shifts — the turtle that tilts — what was solid becomes source of earthquake,Dakshinamurti inverted — teaching through destruction — the lesson that breaks rather than builds,Ganapati inverted — lord of groups who dissolves groups rather than organising them,Shakuni,Saboteur using intelligence and inside knowledge — Shakuni used dice — Chakra-Bheda uses structural analysis,Unlike Shakuni who was visible in court — Chakra-Bheda leaves no fingerprints — bridge collapses — road fails — no one to blame,Great structures become tyrannies — Konark protection is used to justify ignoring surrounding people — sacred as excuse,The wheel that keeps everything moving vs the wheel breaker — the Ratha that built Odisha vs the Vibhrama that would unwind it,@villain @state-odisha @region-east @dark-deity-ahamkara @dark-mb-shakuni @same-animal-sambar,Vibhrama-Ratha (The Broken Wheel Chariot),A chariot designed to look damaged — one deliberate wobble at speed that draws no attention because it looks like it might break down. It never breaks down. The shattered chakram system mounts at the center. He has driven it into three major cities that stopped him to ask if he needed help and was gone before they understood what he was.,Chakra-Bheda Field (Infrastructure Disruption Vehicle),A civilian utility vehicle that carries the anti-gravity chakram system concealed in tool storage bays. He parks it next to infrastructure and the chakram does its work from the cargo compartment. The vehicle has legitimate municipal access credentials in twelve Odishan cities. He has never been stopped at a checkpoint.
bihar,Bihar,east,Tamasa,Pure Darkness,male,Gaur,Strength weaponised into pure destruction — no love to bound it — the gaur charge with no person directing it,The House Sparrow vanished from Pataliputra ruins — when the sparrow leaves the ruins are no longer ruins but something active,Krodha-Vajra,Void gauntlets that amplify rage by reading what user most wants to destroy — the anti-Vajra,Krodha-Vajra Mk.II,Dark-matter gauntlets with collapsar punch — creates gravitational collapse point — the weight of a dead star in every blow,None — power is self-generated — terrifying absence of formation,none,None — pure power has no instruction — his flaw is also his completeness,Vritra — pure obstruction — not the cosmic rivers version but Vritra as pure destructive entropy,Darkness that is not absence of light but active consumption of it — named for the tama guna — the destructive tendency,Uses same berserker power but never needed to control it — was never anyone's protector — power was never constrained by love,Narasimha in the uncalmable moment — after the protection was successful — fury that could not be recalled,Rudra at his most elemental — not the storm that renews but the storm that ends — no regeneration,Lambodara inverted — containing nothing — the hollow stomach — rage with no experience or compassion inside,Duryodhana and Bhima simultaneously,Conviction of power's rightness (Duryodhana) plus unstoppable physical force (Bhima) — both without the qualities that made those characters more than their worst impulses,Unlike both Duryodhana and Bhima who had people they loved — Tamasa has no one — power with no attachment is power with no mercy,Vajramukha's control is weakness — iron bands are chains — power without restraint is truest form — dharma is excuse the weak use to limit the strong,Same gaur — same strength — same Magadh plain — Vajramukha controlled power with love — Tamasa has only the power,@villain @state-bihar @region-east @dark-deity-vritra @dark-mb-duryodhana-bhima @same-animal-gaur,Tamasa-Vahana (Darkness Itself),No vehicle. Tamasa runs — at full gaur-bond speed 60 km/h. No chariot keeps up. No mount can carry him safely at that speed. He runs through armies and the armies fall. The closest thing to a vehicle is the crater his landing makes when he drops from a height.,Krodha-Ratha (Dark-Matter Assault Vehicle),A personnel carrier Tamasa uses only for terrain too large to run — modified to handle his weight and the g-forces he applies to every surface. The collapsar gauntlets deploy through the front panel. The vehicle has no seats — he stands. The interior is dented in the shape of his hands from the one time he got frustrated with traffic.
jharkhand,Jharkhand,east,Vana-Raksha,Forest Demon,male,Indian Elephant,Forest memory weaponised into hunting — elephant's tribal knowledge becomes database of hidden paths — guides extraction not protection,The Asian Koel caged and its call replicated by a device — fake call lures animals toward mining — forest's voice used against it,Mrityuvriksha,Cursed tribal bow from dead sal tree — arrows carry invasive species compound — what it strikes begins to be colonised by invasive plant,Mrityuvriksha Mk.II,Bio-weapon smart bow with plague-arrow payload — engineered invasive species — systematically replaces native forest with monoculture,Vanajara's uncle — the father's brother — who killed the father and now leads corporate security protecting mines,living,Forest knowledge taught Vanajara — then taught corporate forces the same knowledge — betrayal that educated both student and betrayer,Mahishasura — buffalo demon who once had rightful power and was eventually overthrown — sees himself as reclaiming what tribe should have had,Forest the tribe never fully possessed translated into possession at any cost,Knows every path that Vanajara knows — uncle taught the nephew — didn't know the cost of that education,Varaha inverted — plunging into forest not to rescue earth but to extract — rescue mission that was actually a survey,Pashupati inverted — lord of animals — but lording over them as resources not sacred bonds,Heramba inverted — protection of the weak became protection of those who serve the uncle's interests — guardian that became threat,Dushasana,Executor who does not ask whether command is right — corporate security forces are his Kaurava army,Unlike Dushasana who served Duryodhana — Vana-Raksha IS the Duryodhana — believes he has the legitimate claim,Munda's refusal to participate in modern economy is the real exploitation — forest resources should benefit tribe through corporate partnership — father stood in the way,Same forest — same elephant paths — same sal trees — Vanajara protects as it is — Vana-Raksha believes it is worth more as something else,@villain @state-jharkhand @region-east @dark-deity-mahishasura @dark-mb-dushasana @same-animal-elephant,Raksha-Vahana (The Mining Caravan),The corporate mining caravan — sixteen vehicles all registered all legitimate. The tribal bow system concealed in equipment cases. The invasive species payload hidden in what appears to be reforestation seed stock. The caravan enters the forest with government permission and leaves with knowledge of every path the previous occupants used.,Vana-Raksha Command Vehicle (Corporate Security APC),A corporate-branded security APC with full mining caravan credentials — official registered permitted. The bio-weapon smart bow system fires from equipment hatches. The plague-arrow payload stored in labeled seed containers. He has entered every national park in Jharkhand with full government authorization.
uttar-pradesh,Uttar Pradesh,north,Adharma,The Lawless One,male,Barasingha,Strategic vision weaponised into paralysis-generation — shows all twelve outcomes simultaneously so opponents cannot choose any,The Sarus Crane's mating pairs separated — not killed — separated — the symbol of lifelong loyalty destroyed methodically,Adharma-Shool,Twelve-cursed spear — each prong carries a different corruption — strikes once and target loses one moral faculty per prong,Adharma-Shool Mk.II,Quantum spear causing timeline corruption — each strike creates temporal paradox — target exists in twelve past versions simultaneously,None — self-taught — studied same Varanasi scholars and drew different conclusions from every text,none,None — learned from same tradition — found every text's exception — every dharma's loophole — every righteous act's unintended consequence,Adharma itself — not a demon but a force — the world where everything is permitted because nothing is required,The twelve outcomes that lead away from dharma — the strategic mind applied to confusion rather than clarity,Uses Gangaputra's twelve-fold vision against him — reflects the paralysis back — shows hero why every choice is also wrong,Kalki inverted — end of age that comes not to renew but to end — destruction without the dawn that follows,Nataraja inverted — dance that unravels rather than holds — each step breaks a pattern rather than maintaining one,Vinayaka inverted — the silent leader who makes everyone else fail — works through others to ensure they cannot succeed,Duryodhana and Shakuni combined,Conviction that adharma is simply undiscovered dharma (Duryodhana) plus intelligence to prove it academically (Shakuni),Unlike Duryodhana who believed in his own dharma — Adharma does not believe in dharma at all — studied too many failures,Varanasi scholars taught a comfortable lie — dharma is not cosmic law but consensus of the powerful — universe does not punish adharma,Same twelve points — same Heartland — same barasingha — Gangaputra tries to hold everything — Adharma uses everything to hold nothing,@villain @state-uttar-pradesh @region-north @dark-deity-adharma @dark-mb-duryodhana-shakuni @same-animal-barasingha,Adharma-Ratha (The Twelve-Path Chariot),Twelve identical chariots each in a different direction from wherever Adharma was last seen. The chariots are the message — there is no correct path because he is in all twelve simultaneously. The real vehicle is information itself. By the time you know which chariot he is in the chariot has changed.,Adharma System (Quantum Displacement Network),Not a vehicle — a network. Twelve identical vehicles registered to twelve different organizations in twelve different cities. Adharma accesses whichever is closest. The quantum spear's timeline corruption field means his location is genuinely uncertain — not evasion but physics. The vehicle that is wherever you don't check.
uttarakhand,Uttarakhand,north,Hima-Mara,Ice Death,female,Alpine Musk Deer,Elusiveness weaponised into absolute undetectability — operates in systems and records with no physical form to strike,The Himalayan Monal seen flying away from highest peaks — the rainbow bird fleeing is the mountain warning itself,Kasturi-Visha,Cryo-dagger with weaponised paralytic compound designed for specific high-altitude pressure and temperature,Kasturi-Visha Mk.II,Cryogenic nerve-agent blades with cryo-drone swarm — blades for the few she fights directly — drones for the area she works in,The network Kasturika is discovering her family served — Hima-Mara may be the network's founder,living,Taught the network everything including how to make operatives disappear — never taught enough to replace her — loneliness of apex intelligence,Yama as administrator — not death as ending but death as bureaucracy of ending — the one who processes precisely and unfeeingly,Altitude sickness that appears without warning — what looks like natural causes — what cannot be investigated,Knows every path Kasturika knows because she trained those who trained her — second-generation knowledge advantage,Vamana inverted — takes three steps and covers the cosmos but erases what she covers rather than claiming for dharma,Mahakala inverted — time administered as an asset — patient accumulation over decades — death planned for years,Ekadanta inverted — breaks others' integrity rather than her own — sacrifice always someone else's,Jayadratha,Opportunist who controls a critical moment — strikes not through superiority but through controlling terms of encounter,Unlike Jayadratha whose moment was given by Shiva — Hima-Mara built her moment over decades — no divine intervention,Dharma of high mountains is that the strongest survive — Kasturika's uncertainty about her family proves the tradition was correct,Mountain that hides everything — Kasturika uses concealment to protect — Hima-Mara uses concealment to erase,@villain @state-uttarakhand @region-north @dark-deity-yama @dark-mb-jayadratha @same-animal-musk-deer,Hima-Mara Sled (The Ice Death Platform),A flat-profile mountain sled — low silent moves at night on ice without a sound. No animal draws it — it uses the mountain's gradient. She positions herself above and releases. The sled arrives where she planned to be thirty seconds before she does.,Kala-Hima Rig (High-Altitude Covert Operations System),A full high-altitude covert operations rig — cryo-blade weapons integrated into a pressure suit with altitude compensation. Transport: high-altitude drone-assisted personal flight deploying from 8000 meters. The cryogenic drone swarm launches from her suit. She has no vehicle. She is the payload.
himachal-pradesh,Himachal Pradesh,north,Hima-Asura,Frost Demon,male,Snow Leopard,Apex predation weaponised into pure territorial control — domain claim expanded to mean everything in territory is his,The Western Tragopan driven from Spiti Valley forests — remaining habitat deliberately degraded — blood-red bird leaving means land is unsafe,Himashool-Rakta,"Ice daggers engineered for maximum tissue damage at altitude — anti-Himshool — where Himavati's daggers climb, his shatter",Himashool-Rakta Mk.II,Thermite-cryo hybrid combat talons with ice cannon — burns and freezes simultaneously — counters Himavati's altitude advantage,The hunting lineage — specifically the most extreme end of that tradition that Himavati was slowly discovering,ancestor,Apex predator earns everything in its territory — logic applies to people as much as animals — hunting tradition at most corrupt extreme,Rudra — the pure elemental storm — but Rudra has always had purpose — Hima-Asura is Rudra without cosmic function,Frost that does not melt — winter that does not end — preservation of cold as end in itself,Knows every hunting route Himavati knows — mountain lineage taught same paths — corruption is in what he does with knowledge,Narasimha — apex power — but fury that could not be calmed even after purpose was served — eternal rage,Bhairava in territorial form — fierce guardian who became the oppressor of those he was supposed to guard,Heramba inverted — fierce protector who now threatens those who should be protected — guardian who decided people were obstacles,Duryodhana,Absolute certainty of territorial right — apex predator believes mountain belongs to him by right of being strongest — pure power logic,Unlike Duryodhana who had political allies — Hima-Asura operates alone — lone apex predator — isolation is his security and his limit,Protection of high mountain requires absolute territorial authority — what looks like violence is conservation — absolute control for snow leopard habitat survival — may not be wrong about conservation goal,Snow leopard's territory — one marked to protect what lives within — other to ensure nothing else does,@villain @state-himachal-pradesh @region-north @dark-deity-rudra @dark-mb-duryodhana @same-animal-snow-leopard,Krodha-Shardula (Territorial Leopard Mount),Hima-Asura rides a snow leopard trained in territorial marking — the leopard leaves scent markers as it moves claiming every territory it crosses. Opponents track the leopard-markings and always find the markers. They never find where the leopard went after marking.,Raksha-Vahana (Territorial Command Snowmobile),An armored snowmobile with the thermite-cryo weapon system mounted on both skis — burns and freezes the terrain as it crosses leaving a path no one can follow. Territorial-marking beacons deploy from the rear. Every path it uses becomes Hima-Asura's territory by the law he invented for himself.
punjab,Punjab,north,Panchavish,Five Poisons,male,Blackbuck,Speed weaponised into targeted assassination — strikes the right vulnerability — precision without dharma,The Shikra trained to hunt wrong prey — strikes at symbols of what should be protected — hunter's hawk hunting the sacred,Visha-Panchnad,Poisoned chakram and dark blade — five-river disc but each ring carries different neural toxin — five rivers poisoned in one throw,Visha-Panchnad Mk.II,Neural-toxin chakram drone with dark energy sword — disc seeks autonomously — five poisons delivered with machine precision,The sixth river — hidden water source Panchanada's throne controls — Panchavish controls the sixth and therefore controls the five,living,Sovereignty ultimately rests on who controls water — five rivers are only a throne because someone holds the sixth — and he holds the sixth,Adharmic warrior — not Kali or Shiva but human corruption of warrior dharma — soldier who decided cause was negotiable,Precision that serves the highest bidder — five-river skill weaponised by whoever pays most,Knows five-river chakram tradition perfectly — was trained in same tradition — former alliance with Panchanada is the wound neither can close,Parashurama inverted — righteous axe that clears corrupt power — but now hired by corrupt power to clear the righteous,Bhairava in mercenary form — fierce power with no cosmic alignment — warrior who chose payment over dharma,Ekadanta inverted — breaks his own integrity for the highest bidder — sacrifice is of his own dharma rather than his tusk,Karna,Warrior without the right patron — but unlike Karna who chose loyalty — Panchavish chose money — tragedy inverted into transaction,Unlike Karna who gave everything including his life to an alliance he believed in — Panchavish gives nothing — he sells,Five rivers belong to whoever has resources to claim them — Panchanada's dharmic authority is inheritance he didn't earn but was born into,Same chakram — same five-river throw — Panchanada throws for dharma — Panchavish throws for whoever hired him that season,@villain @state-punjab @region-north @dark-deity-adharmic-warrior @dark-mb-karna-inverted @same-animal-blackbuck,Visha-Ratha (The Poison-for-Hire Chariot),A fast unmarked chariot — no colors no house markings no declaration of alliance. The chakram mount is the only permanent feature. He has served six different houses in three years. The chariot always looks the same.,Panchavish Carrier (Mercenary Strike Vehicle),A civilian-registered vehicle carrying the neural-toxin chakram drone system in concealed roof compartments. Changes appearance between operations — different color different plates different cargo. It has been documented as a delivery vehicle a survey truck and a diplomatic vehicle in the same month.
haryana,Haryana,north,Kuru-Bhasma,Ash of Kuru,male,Blackbuck,Battlefield-memory weaponised into trauma-generation — forces opponents to relive what the ground remembers — wounds reopened,The Black Francolin gone silent on the Kurukshetra plain — its silence is the sign something is being prepared to repeat,Adharma-Garjana,Cursed iron mace from Kurukshetra soil — deep layer — wrong side — strikes and replays enemy's worst battlefield memory in their nervous system,Adharma-Garjana Mk.II,Seismic war hammer with battlefield EMP and forced-memory projection — EMP disables communication — projection shows every defender their worst moment,The 18th day — the final day of the Mahabharata battle — what the ground remembers from that day,ancestor,The 18th day taught him the worst always wins — dharma was the losing side's story told by survivors — he learned from the aftermath not the battle,Adharma — but also Kuru-Bhasma as embodiment of what the battlefield produced when ash settled and victors wrote the story,The ash of the Kuru — what was left — residue of a war that claimed it was righteous,Knows the battlefield exactly as Kurukshetraa knows it — raised on same ground — difference is what the ground taught them,Kalki inverted — comes not at end of age to begin new one but to ensure the age never ends — no renewal,Rudra — the residual storm — the aftermath that will not settle,Vighneshvara inverted — places obstacle of the past in every path forward — you cannot move without encountering what the ground remembers,Ashwatthama,Suffered worst night of the war and responded with atrocity — Kuru-Bhasma carries grief of everyone who lost on that ground and weaponises it,Unlike Ashwatthama who committed single act of grief-rage — Kuru-Bhasma has been planning for decades — grief became a discipline,The Mahabharata ended but did not conclude — dharma that won was incomplete — Kurukshetraa living there and calling it sacred is the cruelest joke,Same ground — both standing on Kurukshetra — one treats it as foundation — one treats it as wound,@villain @state-haryana @region-north @dark-deity-adharma @dark-mb-ashwatthama @same-animal-blackbuck,Bhasma-Ratha (Ash Chariot),A chariot built from ash-residue of burned Kurukshetra field grass mixed with iron and mud into a dark composite — literally made from what the battle left behind. It leaves ash behind it as it moves. Opponents who see it on the plain report feeling suddenly afraid without understanding why. Their bodies remember the battlefield before their minds do.,Kuru-Bhasma Vehicle (Forced-Memory Combat System),An armored vehicle projecting the worst moments of the Kurukshetra battle onto any surface within 200 meters as it moves. The seismic war hammer deploys from the roof. Driving toward this vehicle means watching the Mahabharata play out on the ground in front of you before impact. Several defense forces have reported complete psychological incapacitation without contact.
assam,Assam,northeast,Kama-Mara,Desire's End,female,Indian One-Horned Rhinoceros,Invincibility weaponised into exploitation — armored endurance is the business plan — if nothing can stop you nothing needs to justify you,The White-winged Wood Duck driven from deep forest — replaced by artificial waterfowl — simulation of health covering damage,Kama-Shool,Weapon made of materials mined from rhino habitat — the irony is deliberate — the weapon that profits from what it destroys,Kama-Shool Mk.II,Kinetic destroyer club with neural disruptor — every impact sends neural signal that desires the thing it disrupts — desire as weapon,The desire for the rhino — the first ones who wanted to profit from what the rhino stood near — she is the latest in a long line,living,Economic logic of desire — positioning between rhino horn supply and demand is truest power — learned from watching the market Kamalavarna fought,Kama — the god of desire — but specifically desire that cannot be satisfied — not pleasure but wanting that is never fulfilled,Invincibility that cannot feel restraint — armor that is also the inability to know when to stop,Uses the rhino's armored endurance to wait out Kamalavarna's attempts — if nothing penetrates the armor why would anything feel urgent,Kurma inverted — patient foundation being mined — support being extracted from rather than held in place,Bhairava inverted — fierce defender who decided what she defends is her business not the ecosystem,Lambodara inverted — empty stomach — desire that is never full — opposite of Ganesha who has digested all experience,Duryodhana,Operates within legal frameworks she helped design — the exploitation with regulatory approval,Unlike Duryodhana who fought — Kama-Mara wins at the level where rules are written — before Kamalavarna knows a battle is happening,Rhino's survival is compatible with profit — Kamalavarna's purity is luxury of the non-poor — people around Kaziranga deserve economic benefit — not entirely wrong about the need,The rhino that survived 50 million years — and the market that discovered what that survival was worth,@villain @state-assam @region-northeast @dark-deity-kama @dark-mb-duryodhana @same-animal-rhino,Kama-Vahana (The Market Caravan),A merchant caravan — multiple carts all registered all carrying legal goods. The kama-shool weapon system concealed in freight. She travels with the rhino horn market routes — officially she monitors them. Actually she controls them. The caravan passes government checkpoints because she designed the checkpoint protocols.,Kama-Ratha (Corporate Executive Helicopter),A private executive helicopter with the kinetic destroyer weapon system concealed in the cargo bay and the neural disruptor built into the rotor wash — the helicopter itself makes passengers want to cooperate before landing. She arrives at board meetings in it. The vehicle that wins the negotiation by arriving.
arunachal-pradesh,Arunachal Pradesh,northeast,Asta-Asura,Twilight Demon,male,Gayal / Mithun,Dawn-power weaponised into controlling what the dawn reveals — the dawn as surveillance tool not as gift,The Great Hornbill forced from cliff-face nests — nesting sites occupied — the bird that guided Udayagiri has nowhere to go,Asta,Dusk-forged spear — where Uday was forged at dawn — Asta was forged at sunset — metal carries trapped darkness released on impact,Asta Mk.II,Dark solar spear that absorbs and weaponises light — takes dawn energy — stores it — releases as weapon — hero's gift as villain's ammunition,Rahu — the shadow that eats the sun — specifically the eclipse mythology — Asta-Asura learned from the Rahu tradition,ancestor,The one who controls information — who decides what dawn reveals and what stays dark — has more power than the one who acts in the light,Rahu — the shadow planet — the eclipse demon — the one who briefly swallows the sun before being cut open and disgorged,Twilight between — moment when dawn has not fully arrived and anyone can claim the world looks however they say,Intercepts Udayagiri's dawn strikes by knowing where light is coming from — the shadow that positions before light arrives,Surya inverted — Karna's son — the eclipse of the sun god's descendant — solar gift turned shadow instrument,Mahakala — time as darkness — night that will always follow day — inevitability of the shadow,Vighneshvara inverted — controlling what can and cannot be known — placing obstacle of the unseen,Karna,The sun's child in the shadow — but where Karna's shadow came from circumstance — Asta-Asura chose his shadow — deliberate eclipse of his own potential,Unlike Karna who shone despite his shadow — Asta-Asura weaponised the shadow and discarded the shine — the inverse choice,Those who come first get to define reality — Udayagiri's first-light advantage is arbitrary — night has as much right to define the dawn,Same solar power — Udayagiri uses it to illuminate — Asta-Asura uses it to control what is and is not visible,@villain @state-arunachal-pradesh @region-northeast @dark-deity-rahu @dark-mb-karna-shadow @same-animal-gayal,Rahu-Vahana (The Eclipse Platform),A dark chariot that moves only in the transition between light and dark — at dusk or pre-dawn — never in full day never in full night. The dusk-forged spear mounts at the center. In the twilight it is genuinely difficult to determine whether the chariot is approaching or receding. This is the point.,Asta-Vega (Light-Absorbing Command Jet),A jet aircraft coated in light-absorbing material — absorbs solar energy from other vehicles and infrastructure as it passes storing it as the dark solar spear's ammunition. Appears as a gap in the sky rather than an aircraft. He fuels his weapon system by flying over solar farms.
manipur,Manipur,northeast,Tamasa-Nrita,Dark Dancer,male,Sangai / Brow-antlered Deer,Grace weaponised into performance — the dance is deception — performance with no truth behind it,The Mrs. Hume's Pheasant stopped its display dance — long tail motionless — when the pheasant won't display something sacred has been violated,Thang-Kala and Ta-Mara,Dark sword and shadow lance — same Thang-Ta pairing but engineered for theatricality — weapons designed to be seen rather than felt until they've already struck,Thang-Kala Mk.II and Ta-Mara Mk.II,Holographic energy blades with shadow drones — blades may not be where holograms show — shadow drones strike from where nothing appears to be,Moirangthem's guru Nabakumar — was Tamasa-Nrita's guru first — taught him before Moirangthem — then decided he was not worthy of full transmission,living,Taught the dance is the highest sacred expression — when told he was not ready — decided sacred was arbitrary — built own sacred from pure technique stripped of meaning,Kaliya Naga — the serpent of the river who danced with poison — whom Krishna subdued — Tamasa-Nrita sees himself as the Kaliya who was not subdued,Dance that poisons what it touches — the performance that is also a weapon — grace turned to toxin,Knows every Thang-Ta technique from same tradition — was more technically perfect at age twenty — rejection was about spirit not skill,Krishna's Raas Leela inverted — cosmic dance that binds universe in love — but dance that binds in beautiful chains rather than liberation,Nataraja inverted — dance that holds the cosmos — but a different cosmos serving the dancer rather than the eternal rhythm,Vighneshvara inverted — dance that prevents others from dancing — performance that occupies the sacred space,Ashwatthama,Grief of rejected student — told he was not ready — responded with atrocity — guru's rejection became motivation for everything,Unlike Ashwatthama who acted after single devastating loss — Tamasa-Nrita has been building his response for years — the performance is prepared,Sacred space of Manipuri dance was arbitrarily closed by Nabakumar's preference for spirit over technique — skill should be only measure — spirituality called essential is gatekeeping,Same dance — same tradition — Moirangthem dances with meaning — Tamasa-Nrita performs with perfect form — and the Sangai dies more each time he takes the stage without meaning,@villain @state-manipur @region-northeast @dark-deity-kaliya @dark-mb-ashwatthama @same-animal-sangai,Tamasa-Nrita Platform (The Dark Dance Stage),A flat-bed war platform carried by twelve performers who are also fighters. He fights from the performance platform the platform moves and the audience does not know whether the combat is choreography until it is too late.,Nrita-Vega (Holographic Performance Combat Rig),A mobile performance stage deploying holographic drones from its structure — looks like a concert rig and launches from a standard event truck. The shadow drones fill the venue with decoy fighters before Tamasa-Nrita appears. He has performed in seventeen cities and committed operations at six of them.
meghalaya,Meghalaya,northeast,Megha-Daitya,Storm Fiend,male,Clouded Leopard,Cloud-mastery weaponised into flood engineering — clouds for destruction — monsoon as infrastructure weapon,The Hill Myna taught to repeat phrases Meghanadi's daughter uses — weaponised bird-voice — most intimate signal corrupted,Megha-Shool,Cloud spike staff — same bamboo construction but top draws lightning and stores it as weapon rather than shield,Megha-Shool Mk.II,Lightning rod staff with storm nanocloud deployment — controls precipitation — directs flood water to specific locations — infrastructure destruction through monsoon,Meghanadi's daughter's lover — whose love may be genuine or may be strategic positioning inside the matrilineal structure,living,Was taught by the one who controls what Meghanadi cannot — her daughter's happiness — most effective lever in any matrilineal kingdom is the heir,Vritra — storm-dragon who blocked cosmic rivers — holds rain so no one else can have it — then releases as flood,Cloud that doesn't bring rain to crops but to the flood — moisture weaponised through timing,Knows cloud-paths exactly as Meghanadi does — raised in same hills — cloud bond as deep as hers — difference is what he does when he controls the sky,Indra inverted — where Indra released waters for life — Megha-Daitya directs water as weapon — cosmic king of rain become cosmic king of flood,Gangadhara inverted — instead of holding river to protect — releases it to destroy — contained force deliberately uncontrolled,Ganapati inverted — lord of groups who dissolves the matrilineal community from within — organiser of dissolution,Duryodhana,Uses legitimate access to destroy from within — entered kingdom through love — Trojan horse of attachment,Unlike Duryodhana who fought in the open — Megha-Daitya operates entirely through the heir — battle happens in the family before it reaches the field,Matrilineal system creates structural vulnerability — succession runs through one woman — can be controlled through that one woman — he has found that woman,Same clouds — Meghanadi holds them for her people — Megha-Daitya holds them for himself — the mother of clouds and the storm fiend,@villain @state-meghalaya @region-northeast @dark-deity-vritra @dark-mb-duryodhana @same-animal-clouded-leopard,Megha-Daitya Cloud Raft,A war raft tethered to storm clouds using lightning-rod rigging — lifted into clouds by updraft during heavy monsoon moved with the weather system and descended when positioned above the target. In heavy monsoon Meghalaya this is functionally a flying fortress.,Daitya-Vahana (Storm-Riding Airship),An airship designed to integrate with active storm systems — reinforced against lightning and able to conduct it capable of operating in conditions that ground all other aircraft. The lightning rod staff connects to the airship's atmospheric discharge array. He has never been intercepted because no interceptor can reach him in the conditions he operates in.
mizoram,Mizoram,northeast,Parvata-Asura,Mountain Demon,male,Serow,Endurance weaponised into attrition — same technique used to grind down what he wants without ever needing to win,The Mrs. Hume's Pheasant driven from the Blue Mountain passes — long tail absent from bamboo floor — mountain's guardian bird abandoned the peak,Hnam-Kala,Dark bamboo spear from bamboo that flowered early — Mautam bamboo preceding last famine — carries ecological crisis energy in its grain,Hnam-Kala Mk.II,Carbon nanotube spear with mountain-quake technology — can stand on any surface and trigger geological instability from that position,The Mautam famine — what came after bamboo flowered — Parvata-Asura organised during the famine period — crisis that created him,ancestor,Learned from the famine — what people did to each other when food ran out — Tlawmngaihna code was first thing abandoned — radical selflessness is a luxury that disappears under true scarcity,Shiva in his mountain wrath — the earthquake aspect — not the ascetic god but the tectonic god,Mountain that destroys rather than mountain that protects — same peak — different outcome,Knows every bamboo fortification technique from same tradition — trained by some same teachers — rejection of Tlawmngaihna came from watching code fail during famine,Vamana inverted — appears small — makes reasonable requests — three steps turn out to be three phases of total extraction,Rudra — storm of the mountain — but the kind that leaves no forest — just stone,Mushikavahana inverted — choosing smallest vehicle not for humility but for speed of escape — takes and disappears,Duryodhana,Observation of system's failures led to plan for replacing the system — cannot see that replacement is worse,Unlike Duryodhana who fought openly — Parvata-Asura uses appearance of Tlawmngaihna code to gain trust — every request sounds reasonable — accumulation is the problem,Tlawmngaihna code made Mizoram most exploitable community in northeast — radical generosity is open invitation to take — code needs to be replaced with something harder — not entirely wrong about vulnerability,Same mountain — same bamboo — same code of giving — Tlangvala gives until he has nothing — Parvata-Asura takes until nothing left to give,@villain @state-mizoram @region-northeast @dark-deity-shiva-tectonic @dark-mb-duryodhana @same-animal-serow,Parvata-Vahana (Mountain Extraction Caravan),A legitimate-looking supply caravan that crosses Mizoram's mountains delivering — he always delivers he always charges what was agreed. The delivery always leaves something behind that slowly makes the next delivery necessary. The bamboo spear mounts are hidden in the structural poles holding the cargo covers.,Asura-Vahana (Geological Survey Vehicle),A geological survey vehicle with full authorization to take core samples across Mizoram — the mountain-quake technology works through the sample drill. Officially he is mapping fault lines for safety purposes. He has had government contracts for four years.
nagaland,Nagaland,northeast,Naga-Rakshasa,Serpent Fiend,male,Gayal / Mithun,Community wealth weaponised into community debt — mithun relationship used to establish obligations that cannot be repaid,The Blyth's Tragopan forced from the valley — its absence means valley's sacred status is being contested — sanctity bird has gone,Naga-Krodha,Naga dao carrying history of every inter-tribal wound — to be struck is to feel what tribes felt toward each other before peace,Naga-Krodha Mk.II,Vibro-dao with community-fracture payload — vibration breaks material — payload breaks inter-tribal trust — whispers that sound like other tribe's voice,The eighty-year blood feud — specifically last survivors of the feud's originating incident — they trained him because peace was an insult to what they lost,ancestor,Dzulevira's peace was achieved by erasing original grievance — eighty-year feud not solved but covered — wound beneath peace is still there and he is its voice,Takshaka — the naga king whose venom waits — serpent that is never quite gone — grudge that waited generations to strike,Serpent beneath the valley floor — grudge that the lily field grows over — peace that has roots in unpunished history,Knows the valley as well as Dzulevira — born in same landscape — corruption is the original grievance magnified across generations,Parashurama inverted — axe that clears corrupt power — but clearing the peace that covered the wound rather than the wound itself,Bhairava inverted — fierce guardian of historical memory — but memory weaponised against the living — past that kills the present,Ganapati inverted — lord of the group that was excluded from the peace — community that did not benefit from reconciliation,Ashwatthama,Grief that became a discipline — loss that turned into mission — generations carrying original pain and preparing the response,Unlike Ashwatthama who acted immediately from grief — Naga-Rakshasa has planned for thirty years — grief is controlled — response is engineered,The Angami-Ao peace was false — reconciliation ceremony required one tribe to pretend original harm was addressed when it was not — unsatisfied moral claim is his mandate,Same valley — same community — same mithun as sacred measure — Dzulevira built the peace — Naga-Rakshasa was built by what the peace erased,@villain @state-nagaland @region-northeast @dark-deity-takshaka @dark-mb-ashwatthama @same-animal-gayal,Naga-Krodha Platform (The Grudge Carrier),No chariot — moves on foot through the valley. The speed of a trained Naga warrior on home terrain is faster than any chariot the valley's paths would allow. He doesn't need a chariot because the valley is his vehicle.,Rakshasa-Vahana (Community-Fracture Operations Vehicle),A mobile communications relay vehicle — official government infrastructure — carrying the community-fracture payload broadcasting it through relay towers. Parked on a ridge above any Naga settlement it can run the inter-tribal trust disruption protocol on every phone in the valley simultaneously. It has government authorization to park on every ridge in Nagaland for signal improvement purposes.
sikkim,Sikkim,northeast,Krodha,Pure Wrath,male,Red Panda,Gentleness weaponised into unpredictability — same precision to maximise damage — knows exactly where to strike to break beyond repair,The Blood Pheasant not seen near the monastery for three seasons — signal that Kanchenjunga was supposed to engage has not been acknowledged,Krodha-Mani,Wrath mace — inversion of prayer wheel — where Chintamani redirects force Krodha-Mani amplifies it — each spin stores rage rather than prayer,Krodha-Mani Mk.II,Anti-monk gyroscopic crusher with berserker AI mode — AI reads opponent emotional state — identifies maximum vulnerability — strikes there,None — Krodha was created not trained — condensed rage of everyone who has prayed to the mountain and received nothing — unanswered prayer given form,none,None — he has no teacher — he IS the teaching that Kanchenjunga's compassion failed to prevent,Kali in her pure rage aspect — not the liberating Kali but the Kali before liberation — fire before the ashes,Wrath that has no dharmic target — rage that cannot be aimed because it is the whole world that has made it,Knows defensive techniques perfectly because they were taught to protect against exactly him — the monastery trained Kanchenjunga against possibility of Krodha,Narasimha in his uncalmable moment — after protection was successful — fury that could not be recalled,Bhairava — the fierce form — but Bhairava without cosmic function — the terrifying without sacred justification,Vighneshvara inverted — the obstacle to everything — not a test obstacle but an ending obstacle,Ashwatthama,Grief older than the person carrying it — accumulated unanswered prayers of the mountain — what happens when compassion is offered and suffering continues regardless,Unlike Ashwatthama who knew what he had done and was marked by it — Krodha does not carry guilt — he carries certainty — monastery's compassion was insufficient and proof is everything that still suffers,Kanchenjunga's non-violence is the highest form of complicity — choosing not to harm while harm continues is moral failure disguised as spiritual achievement — argument that cannot be simply dismissed,Same gentleness that became precision — same mountain — same monastery — one translated it into compassionate defence — other translated it into the question the monastery could not answer,@villain @state-sikkim @region-northeast @dark-deity-kali @dark-mb-ashwatthama @same-animal-red-panda,Krodha-Vahana (Pure Wrath — No Vehicle),Krodha has no vehicle. He walks. Nothing moves fast enough to carry the weight of pure wrath without being broken by it. He has destroyed five vehicles by being their passenger. He is always on foot always arriving always further along than anyone expected someone walking could be.,Krodha-Ratha (Berserker Combat Exoskeleton),A powered exoskeleton that Krodha wears rather than pilots — amplifying his movements and deploying the gyroscopic crusher from the right arm. It has been replaced eight times — he destroys them in use. The current shell is rated for 3 operations before replacement. It is on operation 2.
tripura,Tripura,northeast,Tripura-Asura,Three Cities' Shadow,male,Phayre's Langur,Intelligence weaponised into systemic sabotage — uses engineering understanding to ensure nothing built by others lasts,The Green Imperial Pigeon displaced from triple fortress canopy — patient fruit-eating bird finds nothing worth tending — ecosystem maintenance broken,Tri-Visha,Triple-poison crossbow — same Triyantra mechanism but three types are three different toxins targeting three different systems simultaneously,Tri-Visha Mk.II,AI triple crossbow with city-cracker missiles — three ammunition types designed to fail infrastructure — power grid / water / communication — three shots three cities fall,The original Tripura-Asura of mythology — the demon king of the three cities Shiva destroyed — he claims lineage and the claim is partly true,ancestor,Three cities were not destroyed because they were evil but because they were too powerful — power is always destroyed by fear — lesson is to build what cannot be seen,He is the historical antagonist of Tripura itself — the Tripura-Asura whose cities Shiva destroyed — Tripurari is named for Shiva who destroys demons — this is the deepest mirror,Vishnu inverted — preserver who preserves only what serves his three-city vision — maintainer of the wrong things,Tripurari Shiva inverted — instead of arrow destroying three demon cities for dharma — three cities rebuild and the arrow was wasted,Buddhipriya inverted — intelligence that loves its own products above else — engineer who decided his buildings are more important than what they are for,Shakuni,Brilliant strategist working from inside a system to change it toward his ends — Shakuni used dice — Tripura-Asura uses structural analysis,Unlike Shakuni who operated in plain sight — Tripura-Asura uses sabotage that looks like natural failure — bridge collapsed — wall cracked — no one points to a person,Tripurari's investigation will eventually reach him — question it will answer is whether Tripurari can handle the truth — bridge was sabotaged by same lineage that built it,Same langur intelligence — same engineering knowledge — same understanding of how structures work and fail — Tripurari builds and repairs — Tripura-Asura builds to fail,@villain @state-tripura @region-northeast @dark-deity-tripura-asura @dark-mb-shakuni @same-animal-langur,,,Tripura-Ratha (The Three-City Chariot),A chariot built in three sections that separate and reconnect — three independent war vehicles that can dock together to form one massive platform. The three-poison crossbow mounts on the central section. Opponents who face one section are unaware of the other two flanking them.,Tri-Visha System (Distributed City-Cracker Network),Three identical vehicles across Tripura — each contains one-third of the AI crossbow system's targeting capability. Only when all three operate simultaneously can the city-cracker missiles be fired. Officially registered as telecommunications relay vehicles for three different dummy corporations.
madhya-pradesh,Madhya Pradesh,central,Adharma-Kendra,Chaos Heart,male,Barasingha,Twelve-fold vision weaponised into argument that all twelve outcomes are equivalent — the paralysis made permanent,The Indian Paradise Flycatcher has lost its longest tail feathers — excess beauty broken — the signal that the centre is not holding has been visible for seasons and unacknowledged,Danda-Krodha,Twelve-cursed staff — where Dwadash is twelve-fold wisdom — Danda-Krodha is twelve-fold corruption — each prong carries different destabilising force,Danda-Krodha Mk.II,Graviton staff that tears rifts in socio-political fabric — twelve-point disruption making every coordination impossible,The twelve ancient philosophical schools of Varanasi — specifically the schools that Dvadashashringa's ancestral scholars suppressed — excluded traditions whose anger is his fuel,ancestor,The neutrality of the Heartland was always selective — twelve-fold wisdom chose which twelve to include — excluded philosophies' anger is his fuel,Adharma as abstract principle — not a demon but a force — the world where everything is permitted because nothing is required,The twelve — but a different twelve — the ones the centre decided did not count,Knows twelve-formation tactics perfectly — trained in same ancestral archive — the difference is he knows the gaps — what twelve-fold vision excludes,Vishnu inverted — preserver who preserves by excluding — neutral maintainer who is not actually neutral,Nataraja inverted — cosmic dance choreographed to serve the centre rather than the whole,Vinayaka inverted — silent leader who makes everyone else fail — works through others to ensure they cannot succeed,Shakuni,Brilliant mind weaponising real historical injustice — excluded schools' exclusion was real — method is catastrophic — the formula,Unlike Shakuni who operated through dice — Adharma-Kendra operates through ideas — the philosophy that cannot be physically fought — erases the centre rather than attacking it,Dvadashashringa's twelve-fold wisdom is twelve-fold gatekeeping — Heartland's neutrality has always meant dominant philosophies' neutrality — the thirteenth is always excluded and the thirteenth is him,Same twelve points — same Heartland — same barasingha — Dvadashashringa tries to hold everything — Adharma-Kendra uses everything to hold nothing,@villain @state-madhya-pradesh @region-central @dark-deity-adharma @dark-mb-shakuni @same-animal-barasingha,Adharma-Ratha (The Twelve-Wedge Platform),Twelve small fast chariots instead of one large royal chariot — each a different color each carrying a different destabilizing argument each deployed to a different point in the Heartland simultaneously. When all twelve move at once the centre cannot track all of them.,Kendra-Krodha System (Chaos Distribution Network),Twelve vehicles each registered to a different civil society organization each carrying a different destabilizing information payload each operating legally in a different part of Madhya Pradesh. The graviton staff is in one of them but which one changes daily.
chhattisgarh,Chhattisgarh,central,Dandaka-Rakshasa,Forest Ravager,male,Wild Buffalo,Primal rage weaponised into extraction — same uncontrolled force to strip the forest systematically — buffalo charge pointed at the roots,The Hill Myna can no longer be heard in the Dandaka — its silence means no one is translating the forest's language into anything humans can hear,Vana-Mara,Void war hammer carved from oldest tree in the Dandaka — carries the forest's age as a weapon — from the forest's own record,Vana-Mara Mk.II,Plasma war hammer with forest-fire ionizer and shockwave — ionizer disrupts mycorrhizal network — deafens underground communication,Dandakarni's brother — the one who defected to mining corporations — same forest knowledge — chose differently,living,Same tribal knowledge that raised Dandakarni — same paths — same plants — same buffalo-knowledge — identical education — opposite conclusion — extraction economy offers security the forest cannot,Mahishasura — buffalo demon of maximum power — the force that defeated divine armies before Durga — power before dharma arrived,Wild buffalo's primal rage applied with corporate precision — nature directed by industrial logic,Knows every forest path Dandakarni knows — they ran same paths as children — insider advantage of the one who chose to leave,Varaha inverted — plunged into earth not to rescue but to extract — earth-rescuer who became earth-extractor,Rudra — storm that leaves no forest — ending that is not renewal — elemental force without ecological function,Heramba inverted — fierce protection of the weak — but defines weak as workers who need employment not forest that needs protection — same fierce protection different definition,Duryodhana and Bhima combined,Absolute conviction of corporate dharma (Duryodhana) plus unstoppable force of tribal warrior turned industry enforcer (Bhima) — both without moral constraint,Unlike Duryodhana who fought cousins — Dandaka-Rakshasa fights his sister — most intimate version of Mahabharata's brother-against-brother — but worse because one of them chose it knowing what it meant,Dandakarni's forest purity is death sentence for tribal communities around it — protection without economic development is cruelest conservation — not entirely wrong about the development need,Same Dandaka forest — same buffalo rage — same tribal roots — Dandakarni protects forest as it is — her brother decided the people matter more than the trees — both right about something,@villain @state-chhattisgarh @region-central @dark-deity-mahishasura @dark-mb-duryodhana-bhima @same-animal-buffalo,Raksha-Vahana (Corporate Mining Transport),The corporate mining convoy — fourteen vehicles all registered all permitted all carrying equipment that is exactly what the manifest says and also exactly the right tool to clear a forest. The void war hammer is in the equipment bay of vehicle seven. He drives vehicle four. Vehicle four is ordinary.,Dandaka-Ratha (Forest-Fire Ionizer Strike Vehicle),A heavy-duty mining operations vehicle with the plasma war hammer in the cargo bed and the forest-fire ionizer built into the front plow. Officially it is a land-clearing vehicle for mineral extraction operations in the Dandaka region. Every meter of ground it crosses loses 60 years of underground ecosystem development.
kashmir,Kashmir,north,Avantivarman-Bhrasta,The Erasing Historian,male,Hangul (Kashmir Stag) — but the bond is corrupted: his stag's antlers froze at six points and refuse to count any new year — the same animal locked in mid-thought,Mnemonic burning — reads a manuscript once with perfect recall then destroys the physical text — becomes the sole keeper of every text he destroys — anyone wishing to verify the past must apply to him and he edits as he recites,The Black-necked Crane refuses to land near him — his couriers are mechanical drone-cranes that mimic the bird but cannot cross the high passes — the bond replaced with surveillance,Smriti-Lipi (Memory-Script),An inkstone made of charred manuscript paper mixed with his own blood — what he writes with it becomes the historical record because the contradicting record no longer exists,Vismriti-Krama (Forgetting-Algorithm),A search-engine and content-moderation suppression algorithm — edits Wikipedia in real-time — rewrites cached web pages so the only surviving version is his — the modern manuscript-burning,His own perfect memory — he is his own corrupted guru with no living teacher,none,Coherence above truth — that contradiction is a disease and that purity of narrative is the cure — the ideal kingdom has one history and that one is his,Saraswati's shadow — the suppression of speech and the censorship of song,Sharada the Editor — the goddess of speech turned into the goddess of redaction,Knowledge weaponised as exclusion — the swan that drowns the water it cannot drink,Vamana inverted — the brahmin who takes the cosmos in three steps and gives nothing back,None,Vighnakarta — the placer of obstacles not the remover — edits Wikipedia entries to dead-end on his version,Drona,The brahmin teacher who loved his art so deeply that he taught only what served his pride — like Drona he must be defeated by a half-lie spoken in the name of truth — Sharad-Pandit claims the scroll is already uplinked before it is,Drona's tragedy was that his loyalty was misplaced — Avantivarman's tragedy is that his loyalty is correctly placed in the Sharada-Pitha tradition but expressed as erasure rather than transmission,Believes Kashmir's tragedy was not invasion but incoherence — too many gods too many languages too many contradicting histories — is curing the kingdom of its own confusion by editing the record to a single clean narrative — the pyre is his temple,Both began as devoted students of the same Sharada-Pitha tradition — one copies twice and gives one away — the other reads once and burns the original — same love opposite custodianship,@villain @state-kashmir @region-north @dark-deity-saraswati-inverted @dark-mb-drona @same-animal-hangul @bond-broken,Brahmacharya-Yantra (The Burning Pedestal),A wheeled brazier-cart of black iron that carries a perpetual coal-pile — the cart's wheels leave a track of ash that does not melt in spring — the only thing he allows to follow him through the valley,Brahmacharya-Yantra Mk.II — The Mobile Server Farm,A black armoured server-truck with twelve internal hard-drive towers — each tower holds the only surviving copies of manuscripts he has destroyed — the truck is air-gapped and biometrically locked to him alone — the world's largest one-person library
andaman,Andaman & Nicobar,east,Kalapani-Asura,The Warden of Forgotten Cells,male,Saltwater Crocodile — but the bond is corrupted: his crocodile is the one that lived in the harbour drain beneath the Cellular Jail for forty years and ate prisoners' bones — the same animal that learned to wait for sentenced bodies,Locks any space — doors, ports, ship hulls, even open water — wherever he places his hand isolation hardens and supplies cannot enter and ships cannot leave and signals die — turns geography itself into a prison,The Nicobar Pigeon refuses to land on him or his ground — the bird's absence is the kingdom's distress signal,Sapta-Shala (Seven-Spoke Wheel),A seven-spoked iron wheel modeled on the Cellular Jail's seven-wing radial design — wielded as a circular saw-shield that severs ropes comm cables and supply-lines — each spoke locks shut a different kind of exit,Mauna-Tantra (Silence Engine),A signal-jamming biomimetic device built into a colonial-era brass meter — when activated it severs all radio communication within twenty kilometers and overlays the jammed frequencies with the recorded prisoner-screams from the jail's worst nights,His own remembered pain — the accumulated trauma of every prisoner who died in the Cellular Jail — there is no living teacher,none,That isolation is the cure for incoherence — that the islands were designed for separation and any attempt at integration is the disease — that the British were the only empire that understood the islands correctly,Varuna's shadow — the binder turned warder — the cosmic noose used to seal a prison rather than restore order,Vrtra-of-the-Harbour — the serpent who blocks the rivers but here blocks the ports,The lock turned weapon — Varuna's noose used to hold men in cages rather than to enforce truth,Matsya inverted — the fish that drowns the survivor rather than carrying them to land,None,Vighnakarta — the placer of obstacles — every door he touches becomes harder to open,Karna,The warrior cursed by his own past — fighting for the wrong side because the world would not let him belong to the right one — must be addressed by his true name to be released,Karna died fighting for Duryodhana — Kalapani-Asura serves the dead British administration because no other institution claimed him — must be released by name not by force,Believes the islands were meant for isolation — the British designed the Andamans to be the place where troublesome bodies disappeared — and that purpose in his view is the islands' true vocation — the mainland is the disease,Both have the same wound: an island used as a prison by every empire that ever ruled it — Onge-Nakshatra answers by opening doors and trade routes — Kalapani-Asura answers by hardening every lock the wound left behind,@villain @state-andaman @region-east @dark-deity-varuna-warder @dark-mb-karna @same-animal-crocodile @bond-broken,Sapta-Vahana (The Seven-Wing Convoy),A column of seven black-painted colonial-era armoured personnel carriers — modeled on the seven wings of the Cellular Jail — that drive in radial formation around any port they intend to seal — each vehicle carries one spoke of the Sapta-Shala wheel and one prisoner-record archive,Mauna-Yantra Mk.II (The Silence Convoy),A column of seven communications-jammer trucks operating in radial formation — each truck broadcasts the prisoner-scream audio on a different frequency band — when activated simultaneously the islands fall silent on every channel including military VHF and satellite uplink
